Vcl,I,dI
1.32,0.0116,0.0007
1.66,0.0146,0.0007
2.028,0.0179,0.0008
2.341,0.0207,0.0008
2.673,0.0237,0.0009000000000000001
3.029,0.0268,0.0009000000000000001
3.409,0.0302,0.001
3.75,0.033299999999999996,0.001
4.209,0.0374,0.0011
4.785,0.0425,0.0011
